{
  "losses": [
    10.926710892946293,
    9.558209905257591,
    8.43706646332374,
    7.931698050254431,
    7.058690627415975
  ],
  "metrics": {
    "both": {
      "optimistic": {
        "adjusted_arithmetic_mean_rank": 0.9723513456637126,
        "adjusted_arithmetic_mean_rank_index": 0.02767168873474779,
        "adjusted_geometric_mean_rank_index": 0.016787911739566952,
        "adjusted_hits_at_k": 0.0014601340261393252,
        "adjusted_inverse_harmonic_mean_rank": -0.00033600072190399484,
        "arithmetic_mean_rank": 1168.1053370786517,
        "count": 712.0,
        "geometric_mean_rank": 871.0312966465051,
        "harmonic_mean_rank": 317.7884101231927,
        "hits_at_1": 0.0,
        "hits_at_10": 0.0056179775280898875,
        "hits_at_3": 0.0014044943820224719,
        "hits_at_5": 0.0028089887640449437,
        "inverse_arithmetic_mean_rank": 0.0008560871766076584,
        "inverse_geometric_mean_rank": 0.0011480643736339073,
        "inverse_harmonic_mean_rank": 0.003146747861611264,
        "inverse_median_rank": 0.0008285004142502071,
        "median_absolute_deviation": 851.0136734222156,
        "median_rank": 1207.0,
        "standard_deviation": 673.802313534411,
        "variance": 454009.5577243247,
        "z_arithmetic_mean_rank": 1.2783511590861636,
        "z_geometric_mean_rank": 0.4513834885817438,
        "z_hits_at_k": 0.6025253224506266,
        "z_inverse_harmonic_mean_rank": -0.3444873159350905
      },
      "pessimistic": {
        "adjusted_arithmetic_mean_rank": 0.9723513456637126,
        "adjusted_arithmetic_mean_rank_index": 0.02767168873474779,
        "adjusted_geometric_mean_rank_index": 0.016787911739566952,
        "adjusted_hits_at_k": 0.0014601340261393252,
        "adjusted_inverse_harmonic_mean_rank": -0.00033600072190399484,
        "arithmetic_mean_rank": 1168.1053370786517,
        "count": 712.0,
        "geometric_mean_rank": 871.0312966465051,
        "harmonic_mean_rank": 317.7884101231927,
        "hits_at_1": 0.0,
        "hits_at_10": 0.0056179775280898875,
        "hits_at_3": 0.0014044943820224719,
        "hits_at_5": 0.0028089887640449437,
        "inverse_arithmetic_mean_rank": 0.0008560871766076584,
        "inverse_geometric_mean_rank": 0.0011480643736339073,
        "inverse_harmonic_mean_rank": 0.003146747861611264,
        "inverse_median_rank": 0.0008285004142502071,
        "median_absolute_deviation": 851.0136734222156,
        "median_rank": 1207.0,
        "standard_deviation": 673.802313534411,
        "variance": 454009.5577243247,
        "z_arithmetic_mean_rank": 1.2783511590861636,
        "z_geometric_mean_rank": 0.4513834885817438,
        "z_hits_at_k": 0.6025253224506266,
        "z_inverse_harmonic_mean_rank": -0.3444873159350905
      },
      "realistic": {
        "adjusted_arithmetic_mean_rank": 0.9723513536557831,
        "adjusted_arithmetic_mean_rank_index": 0.02767168073601911,
        "adjusted_geometric_mean_rank_index": 0.016787688553795643,
        "adjusted_hits_at_k": 0.0014601340261393252,
        "adjusted_inverse_harmonic_mean_rank": -0.000336000290685388,
        "arithmetic_mean_rank": 1168.1053466796875,
        "count": 712.0,
        "geometric_mean_rank": 871.031494140625,
        "harmonic_mean_rank": 317.7883667262762,
        "hits_at_1": 0.0,
        "hits_at_10": 0.0056179775280898875,
        "hits_at_3": 0.0014044943820224719,
        "hits_at_5": 0.0028089887640449437,
        "inverse_arithmetic_mean_rank": 0.0008560871938243508,
        "inverse_geometric_mean_rank": 0.0011480641551315784,
        "inverse_harmonic_mean_rank": 0.0031467482913285494,
        "inverse_median_rank": 0.0008285004296340048,
        "median_absolute_deviation": 851.0136734222156,
        "median_rank": 1207.0,
        "standard_deviation": 673.8023071289062,
        "variance": 454009.53125,
        "z_arithmetic_mean_rank": 1.2783507895682718,
        "z_geometric_mean_rank": 0.4513774876941028,
        "z_hits_at_k": 0.6025253224506266,
        "z_inverse_harmonic_mean_rank": -0.3444868738249083
      }
    },
    "head": {
      "optimistic": {
        "adjusted_arithmetic_mean_rank": 0.9666517580316863,
        "adjusted_arithmetic_mean_rank_index": 0.033375992707000424,
        "adjusted_geometric_mean_rank_index": 0.020795554409209882,
        "adjusted_hits_at_k": 0.004285715622012348,
        "adjusted_inverse_harmonic_mean_rank": -0.00011621803022003304,
        "arithmetic_mean_rank": 1162.5983146067415,
        "count": 356.0,
        "geometric_mean_rank": 869.0885483068744,
        "harmonic_mean_rank": 297.42447383916345,
        "hits_at_1": 0.0,
        "hits_at_10": 0.008426966292134831,
        "hits_at_3": 0.0,
        "hits_at_5": 0.0028089887640449437,
        "inverse_arithmetic_mean_rank": 0.0008601423100619738,
        "inverse_geometric_mean_rank": 0.001150630740616894,
        "inverse_harmonic_mean_rank": 0.0033621980971907657,
        "inverse_median_rank": 0.0008350730688935282,
        "median_absolute_deviation": 851.0136734222156,
        "median_rank": 1197.5,
        "standard_deviation": 657.731310102609,
        "variance": 432610.4762892943,
        "z_arithmetic_mean_rank": 1.0902756438370993,
        "z_geometric_mean_rank": 0.3957589555971701,
        "z_hits_at_k": 1.2512524923620105,
        "z_inverse_harmonic_mean_rank": -0.08430289804083824
      },
      "pessimistic": {
        "adjusted_arithmetic_mean_rank": 0.9666517580316863,
        "adjusted_arithmetic_mean_rank_index": 0.033375992707000424,
        "adjusted_geometric_mean_rank_index": 0.020795554409209882,
        "adjusted_hits_at_k": 0.004285715622012348,
        "adjusted_inverse_harmonic_mean_rank": -0.00011621803022003304,
        "arithmetic_mean_rank": 1162.5983146067415,
        "count": 356.0,
        "geometric_mean_rank": 869.0885483068744,
        "harmonic_mean_rank": 297.42447383916345,
        "hits_at_1": 0.0,
        "hits_at_10": 0.008426966292134831,
        "hits_at_3": 0.0,
        "hits_at_5": 0.0028089887640449437,
        "inverse_arithmetic_mean_rank": 0.0008601423100619738,
        "inverse_geometric_mean_rank": 0.001150630740616894,
        "inverse_harmonic_mean_rank": 0.0033621980971907657,
        "inverse_median_rank": 0.0008350730688935282,
        "median_absolute_deviation": 851.0136734222156,
        "median_rank": 1197.5,
        "standard_deviation": 657.731310102609,
        "variance": 432610.4762892943,
        "z_arithmetic_mean_rank": 1.0902756438370993,
        "z_geometric_mean_rank": 0.3957589555971701,
        "z_hits_at_k": 1.2512524923620105,
        "z_inverse_harmonic_mean_rank": -0.08430289804083824
      },
      "realistic": {
        "adjusted_arithmetic_mean_rank": 0.9666517181173926,
        "adjusted_arithmetic_mean_rank_index": 0.03337603265450895,
        "adjusted_geometric_mean_rank_index": 0.02079547010244076,
        "adjusted_hits_at_k": 0.004285715622012348,
        "adjusted_inverse_harmonic_mean_rank": -0.00011621799987158879,
        "arithmetic_mean_rank": 1162.5982666015625,
        "count": 356.0,
        "geometric_mean_rank": 869.088623046875,
        "harmonic_mean_rank": 297.4244711638374,
        "hits_at_1": 0.0,
        "hits_at_10": 0.008426966292134831,
        "hits_at_3": 0.0,
        "hits_at_5": 0.0028089887640449437,
        "inverse_arithmetic_mean_rank": 0.0008601423469372094,
        "inverse_geometric_mean_rank": 0.001150630647316575,
        "inverse_harmonic_mean_rank": 0.0033621981274336576,
        "inverse_median_rank": 0.0008350730640813708,
        "median_absolute_deviation": 851.0136734222156,
        "median_rank": 1197.5,
        "standard_deviation": 657.7313232421875,
        "variance": 432610.46875,
        "z_arithmetic_mean_rank": 1.0902769487809216,
        "z_geometric_mean_rank": 0.39575735116007493,
        "z_hits_at_k": 1.2512524923620105,
        "z_inverse_harmonic_mean_rank": -0.08430287602651054
      }
    },