{
  "losses": [
    1.0217109062732794,
    1.007943754012768,
    1.0017346472312243,
    1.0002436290184658,
    1.0001120892090676
  ],
  "metrics": {
    "both": {
      "optimistic": {
        "adjusted_arithmetic_mean_rank": 0.9551792269740688,
        "adjusted_arithmetic_mean_rank_index": 0.04485811370561221,
        "adjusted_geometric_mean_rank_index": 0.07800314039377643,
        "adjusted_hits_at_k": 0.0056912351531472095,
        "adjusted_inverse_harmonic_mean_rank": 0.004441594274905878,
        "arithmetic_mean_rank": 1147.4761235955057,
        "count": 712.0,
        "geometric_mean_rank": 816.8627551929883,
        "harmonic_mean_rank": 126.45887246809578,
        "hits_at_1": 0.004213483146067416,
        "hits_at_10": 0.009831460674157303,
        "hits_at_3": 0.0056179775280898875,
        "hits_at_5": 0.007022471910112359,
        "inverse_arithmetic_mean_rank": 0.0008714778281107903,
        "inverse_geometric_mean_rank": 0.0012241958562105631,
        "inverse_harmonic_mean_rank": 0.007907709285106028,
        "inverse_median_rank": 0.0008594757198109154,
        "median_absolute_deviation": 848.0484689852043,
        "median_rank": 1163.5,
        "standard_deviation": 674.2886468013518,
        "variance": 454665.17920519813,
        "z_arithmetic_mean_rank": 2.072313771655729,
        "z_geometric_mean_rank": 2.097302522045684,
        "z_hits_at_k": 2.3484921482578747,
        "z_inverse_harmonic_mean_rank": 4.553778579892981
      },
      "pessimistic": {
        "adjusted_arithmetic_mean_rank": 0.9551803960997964,
        "adjusted_arithmetic_mean_rank_index": 0.04485694360587311,
        "adjusted_geometric_mean_rank_index": 0.07799839987682777,
        "adjusted_hits_at_k": 0.0056912351531472095,
        "adjusted_inverse_harmonic_mean_rank": 0.004441575433145982,
        "arithmetic_mean_rank": 1147.4775280898875,
        "count": 712.0,
        "geometric_mean_rank": 816.8669500133702,
        "harmonic_mean_rank": 126.4591727342891,
        "hits_at_1": 0.004213483146067416,
        "hits_at_10": 0.009831460674157303,
        "hits_at_3": 0.0056179775280898875,
        "hits_at_5": 0.007022471910112359,
        "inverse_arithmetic_mean_rank": 0.0008714767614356846,
        "inverse_geometric_mean_rank": 0.0012241895696522332,
        "inverse_harmonic_mean_rank": 0.007907690508945204,
        "inverse_median_rank": 0.0008594757198109154,
        "median_absolute_deviation": 848.0484689852043,
        "median_rank": 1163.5,
        "standard_deviation": 674.286826368508,
        "variance": 454662.7242141143,
        "z_arithmetic_mean_rank": 2.0722597164669665,
        "z_geometric_mean_rank": 2.0971750618164933,
        "z_hits_at_k": 2.3484921482578747,
        "z_inverse_harmonic_mean_rank": 4.553759262234207
      },
      "realistic": {
        "adjusted_arithmetic_mean_rank": 0.9551797955527919,
        "adjusted_arithmetic_mean_rank_index": 0.04485754465320002,
        "adjusted_geometric_mean_rank_index": 0.07800144230122075,
        "adjusted_hits_at_k": 0.0056912351531472095,
        "adjusted_inverse_harmonic_mean_rank": 0.004441584750216086,
        "arithmetic_mean_rank": 1147.476806640625,
        "count": 712.0,
        "geometric_mean_rank": 816.8642578125,
        "harmonic_mean_rank": 126.45902425534942,
        "hits_at_1": 0.004213483146067416,
        "hits_at_10": 0.009831460674157303,
        "hits_at_3": 0.0056179775280898875,
        "hits_at_5": 0.007022471910112359,
        "inverse_arithmetic_mean_rank": 0.0008714772993698716,
        "inverse_geometric_mean_rank": 0.001224193605594337,
        "inverse_harmonic_mean_rank": 0.007907699793577194,
        "inverse_median_rank": 0.0008594756945967674,
        "median_absolute_deviation": 848.0484689852043,
        "median_rank": 1163.5,
        "standard_deviation": 674.2877197265625,
        "variance": 454663.96875,
        "z_arithmetic_mean_rank": 2.072287483097128,
        "z_geometric_mean_rank": 2.097256864732639,
        "z_hits_at_k": 2.3484921482578747,
        "z_inverse_harmonic_mean_rank": 4.553768814631756
      }
    },
    "head": {
      "optimistic": {
        "adjusted_arithmetic_mean_rank": 0.958404908405317,
        "adjusted_arithmetic_mean_rank_index": 0.04162970494907192,
        "adjusted_geometric_mean_rank_index": 0.07554256526271319,
        "adjusted_hits_at_k": 0.007106435974357921,
        "adjusted_inverse_harmonic_mean_rank": 0.0029589429332171503,
        "arithmetic_mean_rank": 1152.6797752808989,
        "count": 356.0,
        "geometric_mean_rank": 820.5539921271538,
        "harmonic_mean_rank": 155.6017336584211,
        "hits_at_1": 0.0028089887640449437,
        "hits_at_10": 0.011235955056179775,
        "hits_at_3": 0.0028089887640449437,
        "hits_at_5": 0.0056179775280898875,
        "inverse_arithmetic_mean_rank": 0.0008675436330582863,
        "inverse_geometric_mean_rank": 0.0012186888487467611,
        "inverse_harmonic_mean_rank": 0.006426663614142068,
        "inverse_median_rank": 0.0008481764206955047,
        "median_absolute_deviation": 864.357093388766,
        "median_rank": 1179.0,
        "standard_deviation": 676.9721698891645,
        "variance": 458291.3188044439,
        "z_arithmetic_mean_rank": 1.359895232616644,
        "z_geometric_mean_rank": 1.4376460537287663,
        "z_hits_at_k": 2.074786688845026,
        "z_inverse_harmonic_mean_rank": 2.1463749121835143
      },
      "pessimistic": {
        "adjusted_arithmetic_mean_rank": 0.958404908405317,
        "adjusted_arithmetic_mean_rank_index": 0.04162970494907192,
        "adjusted_geometric_mean_rank_index": 0.07554256526271319,
        "adjusted_hits_at_k": 0.007106435974357921,
        "adjusted_inverse_harmonic_mean_rank": 0.0029589429332171503,
        "arithmetic_mean_rank": 1152.6797752808989,
        "count": 356.0,
        "geometric_mean_rank": 820.5539921271538,
        "harmonic_mean_rank": 155.6017336584211,
        "hits_at_1": 0.0028089887640449437,
        "hits_at_10": 0.011235955056179775,
        "hits_at_3": 0.0028089887640449437,
        "hits_at_5": 0.0056179775280898875,
        "inverse_arithmetic_mean_rank": 0.0008675436330582863,
        "inverse_geometric_mean_rank": 0.0012186888487467611,
        "inverse_harmonic_mean_rank": 0.006426663614142068,
        "inverse_median_rank": 0.0008481764206955047,
        "median_absolute_deviation": 864.357093388766,
        "median_rank": 1179.0,
        "standard_deviation": 676.9721698891645,
        "variance": 458291.3188044439,
        "z_arithmetic_mean_rank": 1.359895232616644,
        "z_geometric_mean_rank": 1.4376460537287663,
        "z_hits_at_k": 2.074786688845026,
        "z_inverse_harmonic_mean_rank": 2.1463749121835143
      },
      "realistic": {
        "adjusted_arithmetic_mean_rank": 0.958404936915527,
        "adjusted_arithmetic_mean_rank_index": 0.04162967641513726,
        "adjusted_geometric_mean_rank_index": 0.07554226281556253,
        "adjusted_hits_at_k": 0.007106435974357921,
        "adjusted_inverse_harmonic_mean_rank": 0.002958941988099018,
        "arithmetic_mean_rank": 1152.6798095703125,
        "count": 356.0,
        "geometric_mean_rank": 820.5542602539062,
        "harmonic_mean_rank": 155.601756461942,
        "hits_at_1": 0.0028089887640449437,
        "hits_at_10": 0.011235955056179775,
        "hits_at_3": 0.0028089887640449437,
        "hits_at_5": 0.0056179775280898875,
        "inverse_arithmetic_mean_rank": 0.0008675436256453395,
        "inverse_geometric_mean_rank": 0.001218688441440463,
        "inverse_harmonic_mean_rank": 0.006426662672311068,
        "inverse_median_rank": 0.0008481764234602451,
        "median_absolute_deviation": 864.357093388766,
        "median_rank": 1179.0,
        "standard_deviation": 676.97216796875,
        "variance": 458291.28125,
        "z_arithmetic_mean_rank": 1.3598943005139112,
        "z_geometric_mean_rank": 1.437640297875081,