{
  "losses": [
    0.9848423588734406,
    0.9151769555532016,
    0.8519839128622642,
    0.7844684097247246,
    0.7056056551444225
  ],
  "metrics": {
    "both": {
      "optimistic": {
        "adjusted_arithmetic_mean_rank": 0.9428811934435429,
        "adjusted_arithmetic_mean_rank_index": 0.057166392863327586,
        "adjusted_geometric_mean_rank_index": 0.09383802854517331,
        "adjusted_hits_at_k": 0.0042808681108112475,
        "adjusted_inverse_harmonic_mean_rank": 0.0031716258353615564,
        "arithmetic_mean_rank": 1132.7022471910113,
        "count": 712.0,
        "geometric_mean_rank": 802.8506733287517,
        "harmonic_mean_rank": 150.55338136941566,
        "hits_at_1": 0.0028089887640449437,
        "hits_at_10": 0.008426966292134831,
        "hits_at_3": 0.004213483146067416,
        "hits_at_5": 0.007022471910112359,
        "inverse_arithmetic_mean_rank": 0.0008828445449630742,
        "inverse_geometric_mean_rank": 0.001245561638322896,
        "inverse_harmonic_mean_rank": 0.006642162340720075,
        "inverse_median_rank": 0.0008908685968819599,
        "median_absolute_deviation": 912.5416654901979,
        "median_rank": 1122.5,
        "standard_deviation": 690.9215886628116,
        "variance": 477372.6416803434,
        "z_arithmetic_mean_rank": 2.6409203022670553,
        "z_geometric_mean_rank": 2.5230616733898756,
        "z_hits_at_k": 1.7665032063221253,
        "z_inverse_harmonic_mean_rank": 3.2517337015909007
      },
      "pessimistic": {
        "adjusted_arithmetic_mean_rank": 0.9428811934435429,
        "adjusted_arithmetic_mean_rank_index": 0.057166392863327586,
        "adjusted_geometric_mean_rank_index": 0.09383802854517331,
        "adjusted_hits_at_k": 0.0042808681108112475,
        "adjusted_inverse_harmonic_mean_rank": 0.0031716258353615564,
        "arithmetic_mean_rank": 1132.7022471910113,
        "count": 712.0,
        "geometric_mean_rank": 802.8506733287517,
        "harmonic_mean_rank": 150.55338136941566,
        "hits_at_1": 0.0028089887640449437,
        "hits_at_10": 0.008426966292134831,
        "hits_at_3": 0.004213483146067416,
        "hits_at_5": 0.007022471910112359,
        "inverse_arithmetic_mean_rank": 0.0008828445449630742,
        "inverse_geometric_mean_rank": 0.001245561638322896,
        "inverse_harmonic_mean_rank": 0.006642162340720075,
        "inverse_median_rank": 0.0008908685968819599,
        "median_absolute_deviation": 912.5416654901979,
        "median_rank": 1122.5,
        "standard_deviation": 690.9215886628116,
        "variance": 477372.6416803434,
        "z_arithmetic_mean_rank": 2.6409203022670553,
        "z_geometric_mean_rank": 2.5230616733898756,
        "z_hits_at_k": 1.7665032063221253,
        "z_inverse_harmonic_mean_rank": 3.2517337015909007
      },
      "realistic": {
        "adjusted_arithmetic_mean_rank": 0.9428812128528568,
        "adjusted_arithmetic_mean_rank_index": 0.0571663734378437,
        "adjusted_geometric_mean_rank_index": 0.09383736857879632,
        "adjusted_hits_at_k": 0.0042808681108112475,
        "adjusted_inverse_harmonic_mean_rank": 0.003171625828792529,
        "arithmetic_mean_rank": 1132.7022705078125,
        "count": 712.0,
        "geometric_mean_rank": 802.8512573242188,
        "harmonic_mean_rank": 150.55338151779296,
        "hits_at_1": 0.0028089887640449437,
        "hits_at_10": 0.008426966292134831,
        "hits_at_3": 0.004213483146067416,
        "hits_at_5": 0.007022471910112359,
        "inverse_arithmetic_mean_rank": 0.0008828444988466799,
        "inverse_geometric_mean_rank": 0.0012455607065930963,
        "inverse_harmonic_mean_rank": 0.006642162334173918,
        "inverse_median_rank": 0.0008908685995265841,
        "median_absolute_deviation": 912.5416654901979,
        "median_rank": 1122.5,
        "standard_deviation": 690.9215698242188,
        "variance": 477372.625,
        "z_arithmetic_mean_rank": 2.640919404866466,
        "z_geometric_mean_rank": 2.523043928602423,
        "z_hits_at_k": 1.7665032063221253,
        "z_inverse_harmonic_mean_rank": 3.2517336948559548
      }
    },
    "head": {
      "optimistic": {
        "adjusted_arithmetic_mean_rank": 0.8949314922920799,
        "adjusted_arithmetic_mean_rank_index": 0.105155940463877,
        "adjusted_geometric_mean_rank_index": 0.13413586972101466,
        "adjusted_hits_at_k": 0.0014649952696667735,
        "adjusted_inverse_harmonic_mean_rank": 0.0021527641368696074,
        "arithmetic_mean_rank": 1076.3398876404494,
        "count": 356.0,
        "geometric_mean_rank": 768.6096031522637,
        "harmonic_mean_rank": 177.83187922239182,
        "hits_at_1": 0.0028089887640449437,
        "hits_at_10": 0.0056179775280898875,
        "hits_at_3": 0.0028089887640449437,
        "hits_at_5": 0.0056179775280898875,
        "inverse_arithmetic_mean_rank": 0.0009290745530133594,
        "inverse_geometric_mean_rank": 0.0013010506190642757,
        "inverse_harmonic_mean_rank": 0.0056232887172576445,
        "inverse_median_rank": 0.0009324009324009324,
        "median_absolute_deviation": 855.4614800777323,
        "median_rank": 1072.5,
        "standard_deviation": 668.6369622488579,
        "variance": 447075.3872853806,
        "z_arithmetic_mean_rank": 3.4350726793064688,
        "z_geometric_mean_rank": 2.55273173603857,
        "z_hits_at_k": 0.42771829587899446,
        "z_inverse_harmonic_mean_rank": 1.561584335863305
      },
      "pessimistic": {
        "adjusted_arithmetic_mean_rank": 0.8949314922920799,
        "adjusted_arithmetic_mean_rank_index": 0.105155940463877,
        "adjusted_geometric_mean_rank_index": 0.13413586972101466,
        "adjusted_hits_at_k": 0.0014649952696667735,
        "adjusted_inverse_harmonic_mean_rank": 0.0021527641368696074,
        "arithmetic_mean_rank": 1076.3398876404494,
        "count": 356.0,
        "geometric_mean_rank": 768.6096031522637,
        "harmonic_mean_rank": 177.83187922239182,
        "hits_at_1": 0.0028089887640449437,
        "hits_at_10": 0.0056179775280898875,
        "hits_at_3": 0.0028089887640449437,
        "hits_at_5": 0.0056179775280898875,
        "inverse_arithmetic_mean_rank": 0.0009290745530133594,
        "inverse_geometric_mean_rank": 0.0013010506190642757,
        "inverse_harmonic_mean_rank": 0.0056232887172576445,
        "inverse_median_rank": 0.0009324009324009324,
        "median_absolute_deviation": 855.4614800777323,
        "median_rank": 1072.5,
        "standard_deviation": 668.6369622488579,
        "variance": 447075.3872853806,
        "z_arithmetic_mean_rank": 3.4350726793064688,
        "z_geometric_mean_rank": 2.55273173603857,
        "z_hits_at_k": 0.42771829587899446,
        "z_inverse_harmonic_mean_rank": 1.561584335863305
      },
      "realistic": {
        "adjusted_arithmetic_mean_rank": 0.8949314557990113,
        "adjusted_arithmetic_mean_rank_index": 0.10515597698731338,
        "adjusted_geometric_mean_rank_index": 0.13413585168613273,
        "adjusted_hits_at_k": 0.0014649952696667735,
        "adjusted_inverse_harmonic_mean_rank": 0.002152764338600146,
        "arithmetic_mean_rank": 1076.33984375,
        "count": 356.0,
        "geometric_mean_rank": 768.609619140625,
        "harmonic_mean_rank": 177.8318728650179,
        "hits_at_1": 0.0028089887640449437,
        "hits_at_10": 0.0056179775280898875,
        "hits_at_3": 0.0028089887640449437,
        "hits_at_5": 0.0056179775280898875,
        "inverse_arithmetic_mean_rank": 0.0009290745947510004,
        "inverse_geometric_mean_rank": 0.001301050535403192,
        "inverse_harmonic_mean_rank": 0.005623288918286562,
        "inverse_median_rank": 0.0009324009297415614,
        "median_absolute_deviation": 855.4614800777323,
        "median_rank": 1072.5,
        "standard_deviation": 668.6369018554688,
        "variance": 447075.3125,
        "z_arithmetic_mean_rank": 3.4350738723979646,
        "z_geometric_mean_rank": 2.552731392817808,